lncRNA_gene	direction	type	location	Class
MSTRG.16012	antisense	genic	exonic	Antisense exonic
MSTRG.2348	antisense	genic	exonic	Antisense exonic
MSTRG.7665	antisense	genic	exonic	Antisense exonic
MSTRG.17332	antisense	genic	exonic	Antisense exonic
MSTRG.12599	antisense	genic	exonic	Antisense exonic
MSTRG.4737	antisense	genic	exonic	Antisense exonic
MSTRG.14607	antisense	genic	exonic	Antisense exonic
MSTRG.20646	antisense	genic	exonic	Antisense exonic
MSTRG.15983	antisense	genic	exonic	Antisense exonic
MSTRG.1684	antisense	genic	exonic	Antisense exonic
MSTRG.486	antisense	genic	exonic	Antisense exonic
MSTRG.19129	antisense	genic	exonic	Antisense exonic
MSTRG.16449	antisense	genic	exonic	Antisense exonic
MSTRG.16618	antisense	genic	exonic	Antisense exonic
MSTRG.17894	antisense	genic	exonic	Antisense exonic
MSTRG.11911	antisense	genic	exonic	Antisense exonic
MSTRG.19346	antisense	genic	exonic	Antisense exonic
MSTRG.10148	antisense	genic	exonic	Antisense exonic
MSTRG.13108	antisense	genic	exonic	Antisense exonic
MSTRG.17493	antisense	genic	exonic	Antisense exonic
MSTRG.17848	antisense	genic	exonic	Antisense exonic
MSTRG.6684	antisense	genic	exonic	Antisense exonic
MSTRG.21088	antisense	genic	exonic	Antisense exonic
MSTRG.15421	antisense	genic	exonic	Antisense exonic
MSTRG.11362	antisense	genic	exonic	Antisense exonic
MSTRG.14555	antisense	genic	exonic	Antisense exonic
MSTRG.4840	antisense	genic	exonic	Antisense exonic
MSTRG.8766	antisense	genic	exonic	Antisense exonic
MSTRG.8750	antisense	genic	exonic	Antisense exonic
MSTRG.14248	antisense	genic	exonic	Antisense exonic
MSTRG.842	antisense	genic	exonic	Antisense exonic
MSTRG.15938	antisense	genic	exonic	Antisense exonic
MSTRG.19443	antisense	genic	exonic	Antisense exonic
MSTRG.9132	antisense	genic	exonic	Antisense exonic
MSTRG.8649	antisense	genic	exonic	Antisense exonic
MSTRG.18080	antisense	genic	exonic	Antisense exonic
MSTRG.12742	antisense	genic	exonic	Antisense exonic
MSTRG.4153	antisense	genic	exonic	Antisense exonic
MSTRG.6733	antisense	genic	exonic	Antisense exonic
MSTRG.7858	antisense	genic	exonic	Antisense exonic
MSTRG.4608	antisense	genic	exonic	Antisense exonic
MSTRG.5036	antisense	genic	exonic	Antisense exonic
MSTRG.17278	antisense	genic	exonic	Antisense exonic
MSTRG.18079	antisense	genic	exonic	Antisense exonic
MSTRG.1845	antisense	genic	exonic	Antisense exonic
MSTRG.6946	antisense	genic	exonic	Antisense exonic
MSTRG.7665	antisense	genic	exonic	Antisense exonic
MSTRG.19837	antisense	genic	exonic	Antisense exonic
MSTRG.2234	antisense	genic	exonic	Antisense exonic
MSTRG.6459	antisense	genic	exonic	Antisense exonic
MSTRG.5204	antisense	genic	exonic	Antisense exonic
MSTRG.11175	antisense	genic	exonic	Antisense exonic
MSTRG.5272	antisense	genic	exonic	Antisense exonic
MSTRG.8718	antisense	genic	exonic	Antisense exonic
MSTRG.107	antisense	genic	exonic	Antisense exonic
MSTRG.17269	antisense	genic	exonic	Antisense exonic
MSTRG.6289	antisense	genic	exonic	Antisense exonic
MSTRG.6299	antisense	genic	exonic	Antisense exonic
MSTRG.9558	antisense	genic	exonic	Antisense exonic
MSTRG.5116	antisense	genic	exonic	Antisense exonic
MSTRG.17757	antisense	genic	exonic	Antisense exonic
MSTRG.13380	antisense	genic	exonic	Antisense exonic
MSTRG.14862	antisense	genic	exonic	Antisense exonic
MSTRG.10807	antisense	genic	exonic	Antisense exonic
MSTRG.1242	antisense	genic	exonic	Antisense exonic
MSTRG.11962	antisense	genic	exonic	Antisense exonic
MSTRG.11128	antisense	genic	exonic	Antisense exonic
MSTRG.14301	antisense	genic	exonic	Antisense exonic
MSTRG.1030	antisense	genic	exonic	Antisense exonic
MSTRG.14301	antisense	genic	exonic	Antisense exonic
MSTRG.8814	antisense	genic	exonic	Antisense exonic
MSTRG.2191	antisense	genic	exonic	Antisense exonic
MSTRG.8427	antisense	genic	exonic	Antisense exonic
MSTRG.18729	antisense	genic	exonic	Antisense exonic
MSTRG.9532	antisense	genic	exonic	Antisense exonic
MSTRG.12092	antisense	genic	exonic	Antisense exonic
MSTRG.9656	antisense	genic	exonic	Antisense exonic
MSTRG.14736	antisense	genic	exonic	Antisense exonic
MSTRG.17332	antisense	genic	exonic	Antisense exonic
MSTRG.5036	antisense	genic	exonic	Antisense exonic
MSTRG.171	antisense	genic	exonic	Antisense exonic
MSTRG.14248	antisense	genic	exonic	Antisense exonic
MSTRG.12305	antisense	genic	exonic	Antisense exonic
MSTRG.12212	antisense	genic	exonic	Antisense exonic
MSTRG.4245	antisense	genic	exonic	Antisense exonic
MSTRG.20811	antisense	genic	exonic	Antisense exonic
MSTRG.20698	antisense	genic	exonic	Antisense exonic
MSTRG.7992	antisense	genic	exonic	Antisense exonic
MSTRG.15983	antisense	genic	exonic	Antisense exonic
MSTRG.2879	antisense	genic	exonic	Antisense exonic
MSTRG.2060	antisense	genic	exonic	Antisense exonic
MSTRG.11140	antisense	genic	exonic	Antisense exonic
MSTRG.4608	antisense	genic	exonic	Antisense exonic
MSTRG.19517	antisense	genic	exonic	Antisense exonic
MSTRG.17232	antisense	genic	exonic	Antisense exonic
MSTRG.4591	antisense	genic	exonic	Antisense exonic
MSTRG.7755	antisense	genic	exonic	Antisense exonic
MSTRG.2183	antisense	genic	exonic	Antisense exonic
MSTRG.5655	antisense	genic	exonic	Antisense exonic
MSTRG.9350	antisense	genic	exonic	Antisense exonic
MSTRG.16449	antisense	genic	exonic	Antisense exonic
MSTRG.9624	antisense	genic	exonic	Antisense exonic
MSTRG.14301	antisense	genic	exonic	Antisense exonic
MSTRG.4232	antisense	genic	exonic	Antisense exonic
MSTRG.9667	antisense	genic	exonic	Antisense exonic
MSTRG.14575	antisense	genic	exonic	Antisense exonic
MSTRG.4608	antisense	genic	exonic	Antisense exonic
MSTRG.20581	antisense	genic	exonic	Antisense exonic
MSTRG.13911	antisense	genic	exonic	Antisense exonic
MSTRG.8477	antisense	genic	exonic	Antisense exonic
MSTRG.16896	antisense	genic	exonic	Antisense exonic
MSTRG.6543	antisense	genic	exonic	Antisense exonic
MSTRG.1304	antisense	genic	exonic	Antisense exonic
MSTRG.16630	antisense	genic	exonic	Antisense exonic
MSTRG.8239	antisense	genic	exonic	Antisense exonic
MSTRG.1543	antisense	genic	exonic	Antisense exonic
MSTRG.5286	antisense	genic	exonic	Antisense exonic
MSTRG.9193	antisense	genic	exonic	Antisense exonic
MSTRG.6733	antisense	genic	exonic	Antisense exonic
MSTRG.17178	antisense	genic	exonic	Antisense exonic
MSTRG.7665	antisense	genic	exonic	Antisense exonic
MSTRG.18388	antisense	genic	exonic	Antisense exonic
MSTRG.5404	antisense	genic	exonic	Antisense exonic
MSTRG.17969	antisense	genic	exonic	Antisense exonic
MSTRG.7	antisense	genic	exonic	Antisense exonic
MSTRG.19567	antisense	genic	exonic	Antisense exonic
MSTRG.17591	antisense	genic	exonic	Antisense exonic
MSTRG.8718	antisense	genic	exonic	Antisense exonic
MSTRG.11288	antisense	genic	exonic	Antisense exonic
MSTRG.1579	antisense	genic	exonic	Antisense exonic
MSTRG.5078	antisense	genic	exonic	Antisense exonic
MSTRG.13444	antisense	genic	exonic	Antisense exonic
MSTRG.3192	antisense	genic	exonic	Antisense exonic
MSTRG.16332	antisense	genic	exonic	Antisense exonic
MSTRG.16076	antisense	genic	exonic	Antisense exonic
MSTRG.19838	antisense	genic	exonic	Antisense exonic
MSTRG.5220	antisense	genic	exonic	Antisense exonic
MSTRG.19131	antisense	genic	exonic	Antisense exonic
MSTRG.10112	antisense	genic	exonic	Antisense exonic
MSTRG.17048	antisense	genic	exonic	Antisense exonic
MSTRG.19090	antisense	genic	exonic	Antisense exonic
MSTRG.2015	antisense	genic	exonic	Antisense exonic
MSTRG.7992	antisense	genic	exonic	Antisense exonic
MSTRG.14637	antisense	genic	exonic	Antisense exonic
MSTRG.18080	antisense	genic	exonic	Antisense exonic
MSTRG.10856	antisense	genic	exonic	Antisense exonic
MSTRG.14248	antisense	genic	exonic	Antisense exonic
MSTRG.8814	antisense	genic	exonic	Antisense exonic
MSTRG.12414	antisense	genic	exonic	Antisense exonic
MSTRG.8814	antisense	genic	exonic	Antisense exonic
MSTRG.19853	antisense	genic	exonic	Antisense exonic
MSTRG.17949	antisense	genic	exonic	Antisense exonic
MSTRG.8827	antisense	genic	exonic	Antisense exonic
MSTRG.16841	antisense	genic	exonic	Antisense exonic
MSTRG.7514	antisense	genic	exonic	Antisense exonic
MSTRG.1462	antisense	genic	exonic	Antisense exonic
MSTRG.12632	antisense	genic	exonic	Antisense exonic
MSTRG.13281	antisense	genic	exonic	Antisense exonic
MSTRG.301	antisense	genic	exonic	Antisense exonic
MSTRG.5991	antisense	genic	exonic	Antisense exonic
MSTRG.9468	antisense	genic	exonic	Antisense exonic
MSTRG.17904	antisense	genic	exonic	Antisense exonic
MSTRG.16841	antisense	genic	exonic	Antisense exonic
MSTRG.18002	antisense	genic	exonic	Antisense exonic
MSTRG.9193	antisense	genic	exonic	Antisense exonic
MSTRG.8794	antisense	genic	exonic	Antisense exonic
MSTRG.21179	antisense	genic	exonic	Antisense exonic
MSTRG.10566	antisense	genic	exonic	Antisense exonic
MSTRG.6811	antisense	genic	exonic	Antisense exonic
MSTRG.6664	antisense	genic	exonic	Antisense exonic
MSTRG.20340	antisense	genic	exonic	Antisense exonic
MSTRG.12124	antisense	genic	exonic	Antisense exonic
MSTRG.5929	antisense	genic	exonic	Antisense exonic
MSTRG.12123	antisense	genic	exonic	Antisense exonic
MSTRG.1947	antisense	genic	exonic	Antisense exonic
MSTRG.1305	antisense	genic	exonic	Antisense exonic
MSTRG.14637	antisense	genic	exonic	Antisense exonic
MSTRG.4608	antisense	genic	exonic	Antisense exonic
MSTRG.1159	antisense	genic	exonic	Antisense exonic
MSTRG.17343	antisense	genic	exonic	Antisense exonic
MSTRG.12632	antisense	genic	exonic	Antisense exonic
MSTRG.4854	antisense	genic	exonic	Antisense exonic
MSTRG.19517	antisense	genic	exonic	Antisense exonic
MSTRG.14811	antisense	genic	exonic	Antisense exonic
MSTRG.6772	antisense	genic	exonic	Antisense exonic
MSTRG.5883	antisense	genic	exonic	Antisense exonic
MSTRG.17332	antisense	genic	exonic	Antisense exonic
MSTRG.14248	antisense	genic	exonic	Antisense exonic
MSTRG.14307	antisense	genic	exonic	Antisense exonic
MSTRG.579	antisense	genic	exonic	Antisense exonic
MSTRG.14413	antisense	genic	exonic	Antisense exonic
MSTRG.17760	antisense	genic	exonic	Antisense exonic
MSTRG.5789	antisense	genic	exonic	Antisense exonic
MSTRG.19347	antisense	genic	exonic	Antisense exonic
MSTRG.4131	antisense	genic	exonic	Antisense exonic
MSTRG.4287	antisense	genic	exonic	Antisense exonic
MSTRG.2207	antisense	genic	exonic	Antisense exonic
MSTRG.2638	antisense	genic	exonic	Antisense exonic
MSTRG.1891	antisense	genic	exonic	Antisense exonic
MSTRG.8199	antisense	genic	exonic	Antisense exonic
MSTRG.8814	antisense	genic	exonic	Antisense exonic
MSTRG.18154	antisense	genic	exonic	Antisense exonic
MSTRG.20581	antisense	genic	exonic	Antisense exonic
MSTRG.18839	antisense	genic	exonic	Antisense exonic
MSTRG.7743	antisense	genic	exonic	Antisense exonic
MSTRG.1417	antisense	genic	exonic	Antisense exonic
MSTRG.17156	antisense	genic	exonic	Antisense exonic
MSTRG.11128	antisense	genic	exonic	Antisense exonic
MSTRG.10468	antisense	genic	exonic	Antisense exonic
MSTRG.3552	sense	genic	intronic	Intronic
MSTRG.15249	sense	genic	intronic	Intronic
MSTRG.4550	sense	genic	intronic	Intronic
MSTRG.12748	sense	genic	intronic	Intronic
MSTRG.4338	sense	genic	intronic	Intronic
MSTRG.12702	sense	genic	intronic	Intronic
MSTRG.8034	sense	genic	intronic	Intronic
MSTRG.8034	sense	genic	intronic	Intronic
MSTRG.4182	sense	genic	intronic	Intronic
MSTRG.12787	sense	genic	intronic	Intronic
MSTRG.12999	sense	genic	intronic	Intronic
MSTRG.18083	sense	intergenic	upstream	Upstream
MSTRG.19938	sense	intergenic	upstream	Upstream
MSTRG.4492	sense	intergenic	upstream	Upstream
MSTRG.5626	sense	intergenic	upstream	Upstream
MSTRG.5936	sense	intergenic	upstream	Upstream
MSTRG.1841	sense	intergenic	upstream	Upstream
MSTRG.6710	sense	intergenic	upstream	Upstream
MSTRG.1529	sense	intergenic	upstream	Upstream
MSTRG.6097	sense	intergenic	upstream	Upstream
MSTRG.6710	sense	intergenic	upstream	Upstream
MSTRG.5373	sense	intergenic	upstream	Upstream
MSTRG.5177	sense	intergenic	upstream	Upstream
MSTRG.5302	sense	intergenic	upstream	Upstream
MSTRG.17373	sense	intergenic	upstream	Upstream
MSTRG.1937	sense	intergenic	upstream	Upstream
MSTRG.9469	sense	intergenic	upstream	Upstream
MSTRG.6710	sense	intergenic	upstream	Upstream
MSTRG.1841	sense	intergenic	upstream	Upstream
MSTRG.19002	sense	intergenic	upstream	Upstream
MSTRG.6710	sense	intergenic	upstream	Upstream
MSTRG.6960	sense	intergenic	upstream	Upstream
MSTRG.11158	sense	intergenic	upstream	Upstream
MSTRG.6009	sense	intergenic	upstream	Upstream
MSTRG.19547	sense	intergenic	upstream	Upstream
MSTRG.6960	sense	intergenic	upstream	Upstream
MSTRG.12026	sense	intergenic	upstream	Upstream
MSTRG.3979	sense	intergenic	upstream	Upstream
MSTRG.13648	sense	intergenic	upstream	Upstream
MSTRG.16056	sense	intergenic	upstream	Upstream
MSTRG.21151	sense	intergenic	upstream	Upstream
MSTRG.8367	sense	intergenic	upstream	Upstream
MSTRG.6710	sense	intergenic	upstream	Upstream
MSTRG.19547	sense	intergenic	upstream	Upstream
MSTRG.3912	sense	intergenic	upstream	Upstream
MSTRG.6710	sense	intergenic	upstream	Upstream
MSTRG.17373	sense	intergenic	upstream	Upstream
MSTRG.4777	sense	intergenic	downstream	Downstream
MSTRG.6566	sense	intergenic	downstream	Downstream
MSTRG.8688	sense	intergenic	downstream	Downstream
MSTRG.21171	sense	intergenic	downstream	Downstream
MSTRG.2188	sense	intergenic	downstream	Downstream
MSTRG.6987	sense	intergenic	downstream	Downstream
MSTRG.10029	sense	intergenic	downstream	Downstream
MSTRG.2177	sense	intergenic	downstream	Downstream
MSTRG.14484	sense	intergenic	downstream	Downstream
MSTRG.14346	sense	intergenic	downstream	Downstream
MSTRG.14484	sense	intergenic	downstream	Downstream
MSTRG.15051	sense	intergenic	downstream	Downstream
MSTRG.15051	sense	intergenic	downstream	Downstream
MSTRG.4777	sense	intergenic	downstream	Downstream
MSTRG.15452	sense	intergenic	downstream	Downstream
MSTRG.13276	sense	intergenic	downstream	Downstream
MSTRG.1846	sense	intergenic	downstream	Downstream
MSTRG.17482	sense	intergenic	downstream	Downstream
MSTRG.14481	sense	intergenic	downstream	Downstream
MSTRG.10530	sense	intergenic	downstream	Downstream
MSTRG.14175	sense	intergenic	downstream	Downstream
MSTRG.19923	sense	intergenic	downstream	Downstream
MSTRG.6980	sense	intergenic	downstream	Downstream
MSTRG.15452	sense	intergenic	downstream	Downstream
MSTRG.13276	sense	intergenic	downstream	Downstream
MSTRG.11032	sense	intergenic	downstream	Downstream
MSTRG.13276	sense	intergenic	downstream	Downstream
MSTRG.13276	sense	intergenic	downstream	Downstream
MSTRG.13276	sense	intergenic	downstream	Downstream
MSTRG.3486	sense	intergenic	downstream	Downstream
MSTRG.15452	sense	intergenic	downstream	Downstream
MSTRG.19923	sense	intergenic	downstream	Downstream
MSTRG.6784	sense	intergenic	downstream	Downstream
MSTRG.1764	sense	intergenic	downstream	Downstream
MSTRG.12613	sense	intergenic	downstream	Downstream
MSTRG.888	sense	intergenic	downstream	Downstream
MSTRG.15452	sense	intergenic	downstream	Downstream
MSTRG.13276	sense	intergenic	downstream	Downstream
MSTRG.15452	sense	intergenic	downstream	Downstream
MSTRG.17443	sense	intergenic	downstream	Downstream
MSTRG.6066	sense	intergenic	downstream	Downstream
MSTRG.11513	sense	intergenic	downstream	Downstream
MSTRG.3486	sense	intergenic	downstream	Downstream
MSTRG.4526	sense	intergenic	downstream	Downstream
MSTRG.15278	sense	intergenic	downstream	Downstream
MSTRG.13984	sense	intergenic	downstream	Downstream
MSTRG.16482	sense	intergenic	downstream	Downstream
MSTRG.15603	sense	intergenic	downstream	Downstream
MSTRG.12134	sense	intergenic	downstream	Downstream
MSTRG.12613	sense	intergenic	downstream	Downstream
MSTRG.776	sense	intergenic	downstream	Downstream
MSTRG.18766	antisense	intergenic	upstream	Intergenic
MSTRG.4709	sense	intergenic	upstream	Intergenic
MSTRG.18202	antisense	intergenic	upstream	Intergenic
MSTRG.14122	sense	intergenic	downstream	Intergenic
MSTRG.21153	antisense	intergenic	downstream	Intergenic
MSTRG.14181	antisense	intergenic	upstream	Intergenic
MSTRG.15384	sense	intergenic	upstream	Intergenic
MSTRG.14546	antisense	intergenic	downstream	Intergenic
MSTRG.17546	antisense	intergenic	downstream	Intergenic
MSTRG.18675	sense	intergenic	upstream	Intergenic
MSTRG.12989	sense	intergenic	upstream	Intergenic
MSTRG.9486	antisense	intergenic	upstream	Intergenic
MSTRG.6474	sense	intergenic	downstream	Intergenic
MSTRG.18675	sense	intergenic	upstream	Intergenic
MSTRG.4587	sense	intergenic	upstream	Intergenic
MSTRG.4709	sense	intergenic	upstream	Intergenic
MSTRG.15200	sense	intergenic	downstream	Intergenic
MSTRG.2483	sense	intergenic	upstream	Intergenic
MSTRG.15780	antisense	intergenic	upstream	Intergenic
MSTRG.16488	antisense	intergenic	upstream	Intergenic
MSTRG.6040	sense	intergenic	upstream	Intergenic
MSTRG.4528	sense	intergenic	upstream	Intergenic
MSTRG.17458	sense	intergenic	downstream	Intergenic
MSTRG.33	antisense	intergenic	downstream	Intergenic
MSTRG.9057	antisense	intergenic	downstream	Intergenic
MSTRG.17461	sense	intergenic	downstream	Intergenic
MSTRG.19926	antisense	intergenic	downstream	Intergenic
MSTRG.17458	sense	intergenic	downstream	Intergenic
MSTRG.15209	antisense	intergenic	upstream	Intergenic
MSTRG.15384	sense	intergenic	upstream	Intergenic
MSTRG.4710	antisense	intergenic	downstream	Intergenic
MSTRG.9057	antisense	intergenic	downstream	Intergenic
MSTRG.17458	sense	intergenic	downstream	Intergenic
MSTRG.17549	antisense	intergenic	downstream	Intergenic
MSTRG.14430	sense	intergenic	downstream	Intergenic
MSTRG.15262	sense	intergenic	upstream	Intergenic
MSTRG.20249	antisense	intergenic	downstream	Intergenic
MSTRG.33	antisense	intergenic	downstream	Intergenic
MSTRG.18760	antisense	intergenic	upstream	Intergenic
MSTRG.6474	sense	intergenic	downstream	Intergenic
MSTRG.14460	antisense	intergenic	downstream	Intergenic
MSTRG.15195	antisense	intergenic	upstream	Intergenic
MSTRG.4637	antisense	intergenic	upstream	Intergenic
MSTRG.12984	antisense	intergenic	downstream	Intergenic
MSTRG.14551	sense	intergenic	downstream	Intergenic
MSTRG.12128	sense	intergenic	downstream	Intergenic
MSTRG.18766	antisense	intergenic	upstream	Intergenic
MSTRG.4811	sense	intergenic	upstream	Intergenic
MSTRG.6656	sense	intergenic	upstream	Intergenic
MSTRG.12290	antisense	intergenic	downstream	Intergenic
MSTRG.12149	antisense	intergenic	downstream	Intergenic
MSTRG.4955	antisense	intergenic	downstream	Intergenic
MSTRG.18623	antisense	intergenic	upstream	Intergenic
MSTRG.14112	antisense	intergenic	downstream	Intergenic
MSTRG.2690	antisense	intergenic	downstream	Intergenic
MSTRG.16093	sense	intergenic	upstream	Intergenic
MSTRG.6280	sense	intergenic	upstream	Intergenic
MSTRG.4659	sense	intergenic	downstream	Intergenic
MSTRG.6057	sense	intergenic	upstream	Intergenic
MSTRG.15285	antisense	intergenic	upstream	Intergenic
MSTRG.4513	antisense	intergenic	upstream	Intergenic
MSTRG.17062	sense	intergenic	downstream	Intergenic
MSTRG.14419	antisense	intergenic	upstream	Intergenic
MSTRG.14425	sense	intergenic	upstream	Intergenic
MSTRG.1320	sense	intergenic	upstream	Intergenic
MSTRG.14947	antisense	intergenic	upstream	Intergenic
MSTRG.20054	antisense	intergenic	downstream	Intergenic
MSTRG.14491	sense	intergenic	downstream	Intergenic
MSTRG.14279	antisense	intergenic	downstream	Intergenic
MSTRG.1745	sense	intergenic	upstream	Intergenic
MSTRG.18826	antisense	intergenic	downstream	Intergenic
MSTRG.17457	antisense	intergenic	downstream	Intergenic
MSTRG.4307	sense	intergenic	upstream	Intergenic
MSTRG.14386	antisense	intergenic	upstream	Intergenic
MSTRG.19003	antisense	intergenic	upstream	Intergenic
MSTRG.14551	sense	intergenic	downstream	Intergenic
MSTRG.15079	sense	intergenic	upstream	Intergenic
MSTRG.20071	sense	intergenic	downstream	Intergenic
MSTRG.1724	sense	intergenic	downstream	Intergenic
MSTRG.14615	sense	intergenic	downstream	Intergenic
MSTRG.14877	sense	intergenic	downstream	Intergenic
MSTRG.14107	antisense	intergenic	upstream	Intergenic
MSTRG.14491	sense	intergenic	downstream	Intergenic
MSTRG.14354	sense	intergenic	downstream	Intergenic
MSTRG.10047	sense	intergenic	upstream	Intergenic
MSTRG.14430	sense	intergenic	downstream	Intergenic
MSTRG.8861	antisense	intergenic	upstream	Intergenic
MSTRG.14376	sense	intergenic	downstream	Intergenic
MSTRG.20262	antisense	intergenic	upstream	Intergenic
MSTRG.10484	antisense	intergenic	upstream	Intergenic
MSTRG.307	sense	intergenic	upstream	Intergenic
MSTRG.19010	sense	intergenic	downstream	Intergenic
MSTRG.14615	sense	intergenic	downstream	Intergenic
MSTRG.17458	sense	intergenic	downstream	Intergenic
MSTRG.4311	antisense	intergenic	upstream	Intergenic
MSTRG.2145	sense	intergenic	upstream	Intergenic
MSTRG.6425	sense	intergenic	upstream	Intergenic
MSTRG.14312	antisense	intergenic	downstream	Intergenic
MSTRG.12248	sense	intergenic	downstream	Intergenic
MSTRG.14430	sense	intergenic	downstream	Intergenic
MSTRG.10047	sense	intergenic	upstream	Intergenic
MSTRG.10048	antisense	intergenic	upstream	Intergenic
MSTRG.17535	antisense	intergenic	downstream	Intergenic
MSTRG.4307	sense	intergenic	upstream	Intergenic
MSTRG.18872	sense	intergenic	downstream	Intergenic
MSTRG.5861	sense	intergenic	upstream	Intergenic
MSTRG.19003	antisense	intergenic	upstream	Intergenic
MSTRG.12227	antisense	intergenic	downstream	Intergenic
MSTRG.5303	sense	intergenic	upstream	Intergenic
MSTRG.13976	antisense	intergenic	downstream	Intergenic
MSTRG.11755	sense	intergenic	upstream	Intergenic
MSTRG.1320	sense	intergenic	upstream	Intergenic
MSTRG.13644	sense	intergenic	downstream	Intergenic
MSTRG.17458	sense	intergenic	downstream	Intergenic
MSTRG.9295	antisense	intergenic	upstream	Intergenic
MSTRG.4307	sense	intergenic	upstream	Intergenic
MSTRG.17632	sense	intergenic	upstream	Intergenic
MSTRG.12128	sense	intergenic	upstream	Intergenic
MSTRG.15667	sense	intergenic	downstream	Intergenic
MSTRG.12150	sense	intergenic	downstream	Intergenic
MSTRG.17632	sense	intergenic	upstream	Intergenic
MSTRG.14491	sense	intergenic	downstream	Intergenic
MSTRG.6474	sense	intergenic	downstream	Intergenic
MSTRG.4311	antisense	intergenic	upstream	Intergenic
MSTRG.14506	sense	intergenic	downstream	Intergenic
MSTRG.13408	sense	intergenic	upstream	Intergenic
MSTRG.14947	antisense	intergenic	upstream	Intergenic
MSTRG.18552	antisense	intergenic	downstream	Intergenic
MSTRG.11676	sense	intergenic	downstream	Intergenic
MSTRG.17549	antisense	intergenic	downstream	Intergenic
MSTRG.10047	sense	intergenic	upstream	Intergenic
MSTRG.4587	sense	intergenic	upstream	Intergenic
MSTRG.4478	sense	intergenic	upstream	Intergenic
MSTRG.14376	sense	intergenic	downstream	Intergenic
MSTRG.8403	sense	intergenic	downstream	Intergenic
MSTRG.14429	sense	intergenic	downstream	Intergenic
MSTRG.17461	sense	intergenic	downstream	Intergenic
MSTRG.17780	antisense	intergenic	upstream	Intergenic
MSTRG.2219	antisense	intergenic	upstream	Intergenic
MSTRG.8403	sense	intergenic	downstream	Intergenic
MSTRG.17922	sense	intergenic	upstream	Intergenic
MSTRG.4587	sense	intergenic	upstream	Intergenic
MSTRG.17494	sense	intergenic	downstream	Intergenic
MSTRG.14369	sense	intergenic	downstream	Intergenic
MSTRG.12180	sense	intergenic	downstream	Intergenic
MSTRG.11755	sense	intergenic	upstream	Intergenic
MSTRG.2033	antisense	intergenic	upstream	Intergenic
MSTRG.19249	sense	intergenic	downstream	Intergenic
MSTRG.17550	sense	intergenic	downstream	Intergenic
MSTRG.17270	sense	intergenic	upstream	Intergenic
MSTRG.6056	sense	intergenic	upstream	Intergenic
MSTRG.5164	antisense	intergenic	downstream	Intergenic
MSTRG.14414	sense	intergenic	downstream	Intergenic
MSTRG.9057	antisense	intergenic	downstream	Intergenic
MSTRG.10484	antisense	intergenic	upstream	Intergenic
MSTRG.7031	sense	intergenic	upstream	Intergenic
MSTRG.6056	sense	intergenic	upstream	Intergenic
MSTRG.20054	antisense	intergenic	downstream	Intergenic
MSTRG.11583	antisense	intergenic	upstream	Intergenic
MSTRG.17632	sense	intergenic	upstream	Intergenic
MSTRG.1711	antisense	intergenic	upstream	Intergenic
MSTRG.7038	sense	intergenic	downstream	Intergenic
MSTRG.17431	sense	intergenic	upstream	Intergenic
MSTRG.4941	sense	intergenic	upstream	Intergenic
MSTRG.4311	antisense	intergenic	upstream	Intergenic
MSTRG.4528	sense	intergenic	upstream	Intergenic
MSTRG.17616	antisense	intergenic	downstream	Intergenic
MSTRG.12989	sense	intergenic	upstream	Intergenic
MSTRG.15203	antisense	intergenic	upstream	Intergenic
MSTRG.8403	sense	intergenic	downstream	Intergenic
MSTRG.14615	sense	intergenic	downstream	Intergenic
MSTRG.4709	sense	intergenic	upstream	Intergenic
MSTRG.3039	antisense	intergenic	downstream	Intergenic
MSTRG.11755	sense	intergenic	upstream	Intergenic
MSTRG.20263	sense	intergenic	upstream	Intergenic
MSTRG.4587	sense	intergenic	upstream	Intergenic
MSTRG.5710	antisense	intergenic	downstream	Intergenic
MSTRG.18819	sense	intergenic	upstream	Intergenic
MSTRG.18632	antisense	intergenic	upstream	Intergenic
MSTRG.13488	sense	intergenic	upstream	Intergenic
MSTRG.15018	sense	intergenic	downstream	Intergenic
MSTRG.4587	sense	intergenic	upstream	Intergenic
MSTRG.4062	antisense	intergenic	upstream	Intergenic
MSTRG.1708	sense	intergenic	downstream	Intergenic
MSTRG.12183	sense	intergenic	upstream	Intergenic
MSTRG.14865	sense	intergenic	upstream	Intergenic
MSTRG.9379	sense	intergenic	downstream	Intergenic
MSTRG.15568	antisense	intergenic	upstream	Intergenic
MSTRG.14802	sense	intergenic	upstream	Intergenic
MSTRG.12266	antisense	intergenic	upstream	Intergenic
MSTRG.18777	antisense	intergenic	downstream	Intergenic
MSTRG.4307	sense	intergenic	upstream	Intergenic
MSTRG.14364	sense	intergenic	upstream	Intergenic
MSTRG.14802	sense	intergenic	upstream	Intergenic
MSTRG.6040	sense	intergenic	upstream	Intergenic
MSTRG.20052	sense	intergenic	downstream	Intergenic
MSTRG.19249	sense	intergenic	downstream	Intergenic
MSTRG.19655	antisense	intergenic	upstream	Intergenic
MSTRG.17673	antisense	intergenic	upstream	Intergenic
MSTRG.17119	sense	intergenic	downstream	Intergenic
MSTRG.13408	sense	intergenic	upstream	Intergenic
MSTRG.12989	sense	intergenic	upstream	Intergenic
MSTRG.15384	sense	intergenic	upstream	Intergenic
MSTRG.14491	sense	intergenic	downstream	Intergenic
MSTRG.17431	sense	intergenic	upstream	Intergenic
MSTRG.10048	antisense	intergenic	upstream	Intergenic
MSTRG.17632	sense	intergenic	upstream	Intergenic
MSTRG.17458	sense	intergenic	downstream	Intergenic
MSTRG.11583	antisense	intergenic	upstream	Intergenic
MSTRG.15384	sense	intergenic	upstream	Intergenic
MSTRG.14122	sense	intergenic	downstream	Intergenic
MSTRG.19003	antisense	intergenic	upstream	Intergenic
MSTRG.15188	antisense	intergenic	upstream	Intergenic
MSTRG.490	antisense	intergenic	upstream	Intergenic
MSTRG.17549	antisense	intergenic	downstream	Intergenic
MSTRG.4062	antisense	intergenic	upstream	Intergenic
MSTRG.14546	antisense	intergenic	downstream	Intergenic
MSTRG.2053	sense	intergenic	upstream	Intergenic
MSTRG.307	sense	intergenic	upstream	Intergenic
MSTRG.9488	antisense	intergenic	upstream	Intergenic
MSTRG.18005	antisense	intergenic	upstream	Intergenic
MSTRG.19997	antisense	intergenic	upstream	Intergenic
MSTRG.6438	sense	intergenic	upstream	Intergenic
MSTRG.14506	sense	intergenic	downstream	Intergenic
MSTRG.14460	antisense	intergenic	downstream	Intergenic
MSTRG.4652	antisense	intergenic	downstream	Intergenic
MSTRG.18673	sense	intergenic	upstream	Intergenic
MSTRG.18789	antisense	intergenic	upstream	Intergenic
MSTRG.18822	antisense	intergenic	upstream	Intergenic
MSTRG.15188	antisense	intergenic	upstream	Intergenic
MSTRG.14430	sense	intergenic	downstream	Intergenic
MSTRG.15226	antisense	intergenic	downstream	Intergenic
MSTRG.14615	sense	intergenic	downstream	Intergenic
MSTRG.17458	sense	intergenic	downstream	Intergenic
MSTRG.4788	antisense	intergenic	downstream	Intergenic
MSTRG.15017	antisense	intergenic	downstream	Intergenic
MSTRG.17461	sense	intergenic	downstream	Intergenic
MSTRG.3039	antisense	intergenic	downstream	Intergenic
MSTRG.15780	antisense	intergenic	upstream	Intergenic
MSTRG.12151	sense	intergenic	downstream	Intergenic
MSTRG.17780	antisense	intergenic	upstream	Intergenic
MSTRG.10121	sense	intergenic	upstream	Intergenic
MSTRG.15262	sense	intergenic	upstream	Intergenic
MSTRG.4811	sense	intergenic	upstream	Intergenic
MSTRG.12845	sense	intergenic	upstream	Intergenic
MSTRG.4640	antisense	intergenic	downstream	Intergenic
MSTRG.17676	sense	intergenic	downstream	Intergenic
MSTRG.15195	antisense	intergenic	upstream	Intergenic
MSTRG.17550	sense	intergenic	downstream	Intergenic
MSTRG.17479	sense	intergenic	downstream	Intergenic
MSTRG.12183	sense	intergenic	upstream	Intergenic
MSTRG.4587	sense	intergenic	upstream	Intergenic
MSTRG.18615	sense	intergenic	downstream	Intergenic
MSTRG.13976	antisense	intergenic	downstream	Intergenic
MSTRG.19510	antisense	intergenic	upstream	Intergenic
MSTRG.18776	sense	intergenic	downstream	Intergenic
MSTRG.4587	sense	intergenic	upstream	Intergenic
MSTRG.4478	sense	intergenic	upstream	Intergenic
MSTRG.1745	sense	intergenic	upstream	Intergenic
MSTRG.6711	antisense	intergenic	upstream	Intergenic
MSTRG.17191	antisense	intergenic	upstream	Intergenic
MSTRG.14615	sense	intergenic	downstream	Intergenic
MSTRG.17279	antisense	intergenic	upstream	Intergenic
MSTRG.18725	antisense	intergenic	downstream	Intergenic
MSTRG.9647	antisense	intergenic	upstream	Intergenic
MSTRG.14876	antisense	intergenic	downstream	Intergenic
MSTRG.4062	antisense	intergenic	upstream	Intergenic
MSTRG.6474	sense	intergenic	downstream	Intergenic
MSTRG.12989	sense	intergenic	upstream	Intergenic
MSTRG.4631	sense	intergenic	downstream	Intergenic
MSTRG.3047	sense	intergenic	downstream	Intergenic
MSTRG.18623	antisense	intergenic	upstream	Intergenic
MSTRG.9408	sense	intergenic	downstream	Intergenic
MSTRG.4788	antisense	intergenic	downstream	Intergenic
MSTRG.11755	sense	intergenic	upstream	Intergenic
MSTRG.4637	antisense	intergenic	upstream	Intergenic
MSTRG.15263	antisense	intergenic	upstream	Intergenic
MSTRG.13862	antisense	intergenic	downstream	Intergenic
MSTRG.9379	sense	intergenic	downstream	Intergenic
MSTRG.7038	sense	intergenic	downstream	Intergenic
MSTRG.18871	antisense	intergenic	downstream	Intergenic
MSTRG.17632	sense	intergenic	upstream	Intergenic
MSTRG.18402	sense	intergenic	downstream	Intergenic
MSTRG.2145	sense	intergenic	upstream	Intergenic
MSTRG.1826	sense	intergenic	downstream	Intergenic
MSTRG.1717	antisense	intergenic	upstream	Intergenic
MSTRG.3993	antisense	intergenic	downstream	Intergenic
MSTRG.14430	sense	intergenic	downstream	Intergenic
MSTRG.13881	sense	intergenic	upstream	Intergenic
MSTRG.18789	antisense	intergenic	upstream	Intergenic
MSTRG.18768	sense	intergenic	upstream	Intergenic
MSTRG.12328	antisense	intergenic	upstream	Intergenic
MSTRG.15512	antisense	intergenic	upstream	Intergenic
MSTRG.18959	antisense	intergenic	upstream	Intergenic
MSTRG.12989	antisense	intergenic	upstream	Intergenic
MSTRG.14615	sense	intergenic	downstream	Intergenic
MSTRG.6068	antisense	intergenic	downstream	Intergenic
MSTRG.15262	sense	intergenic	upstream	Intergenic
MSTRG.19004	antisense	intergenic	upstream	Intergenic
MSTRG.15285	antisense	intergenic	upstream	Intergenic
MSTRG.10048	antisense	intergenic	upstream	Intergenic
MSTRG.12989	sense	intergenic	upstream	Intergenic
MSTRG.13488	sense	intergenic	upstream	Intergenic
MSTRG.11917	sense	intergenic	upstream	Intergenic
MSTRG.2690	antisense	intergenic	downstream	Intergenic
MSTRG.4478	sense	intergenic	upstream	Intergenic
MSTRG.15469	sense	intergenic	upstream	Intergenic
MSTRG.6361	sense	intergenic	downstream	Intergenic
MSTRG.12183	sense	intergenic	upstream	Intergenic
MSTRG.8403	sense	intergenic	downstream	Intergenic
MSTRG.14364	sense	intergenic	upstream	Intergenic
MSTRG.17347	antisense	intergenic	upstream	Intergenic
MSTRG.9493	sense	intergenic	upstream	Intergenic
MSTRG.9295	antisense	intergenic	upstream	Intergenic
MSTRG.18767	antisense	intergenic	upstream	Intergenic
MSTRG.3048	sense	intergenic	downstream	Intergenic
MSTRG.15490	antisense	intergenic	downstream	Intergenic
MSTRG.18623	antisense	intergenic	upstream	Intergenic
MSTRG.12347	sense	intergenic	upstream	Intergenic
MSTRG.14430	sense	intergenic	downstream	Intergenic
MSTRG.15262	sense	intergenic	upstream	Intergenic
MSTRG.15223	antisense	intergenic	downstream	Intergenic
MSTRG.18646	antisense	intergenic	upstream	Bidirectional
MSTRG.15884	antisense	intergenic	upstream	Bidirectional
MSTRG.12511	antisense	intergenic	upstream	Bidirectional
MSTRG.16944	antisense	intergenic	upstream	Bidirectional
MSTRG.8353	antisense	intergenic	upstream	Bidirectional
MSTRG.4561	antisense	intergenic	upstream	Bidirectional
MSTRG.7799	antisense	intergenic	upstream	Bidirectional
MSTRG.5539	antisense	intergenic	upstream	Bidirectional
MSTRG.1232	antisense	intergenic	upstream	Bidirectional
MSTRG.897	antisense	intergenic	upstream	Bidirectional
MSTRG.2483	antisense	intergenic	upstream	Bidirectional
MSTRG.3398	antisense	intergenic	upstream	Bidirectional
MSTRG.15410	antisense	intergenic	upstream	Bidirectional
MSTRG.7057	antisense	intergenic	upstream	Bidirectional
MSTRG.17521	antisense	intergenic	upstream	Bidirectional
MSTRG.897	antisense	intergenic	upstream	Bidirectional
MSTRG.16944	antisense	intergenic	upstream	Bidirectional
MSTRG.16944	antisense	intergenic	upstream	Bidirectional
MSTRG.14799	antisense	intergenic	upstream	Bidirectional
MSTRG.19925	antisense	intergenic	upstream	Bidirectional
MSTRG.12332	antisense	intergenic	upstream	Bidirectional
MSTRG.7799	antisense	intergenic	upstream	Bidirectional
MSTRG.1089	antisense	intergenic	upstream	Bidirectional
MSTRG.16944	antisense	intergenic	upstream	Bidirectional
MSTRG.9058	antisense	intergenic	upstream	Bidirectional
MSTRG.11982	antisense	intergenic	upstream	Bidirectional
MSTRG.9218	antisense	intergenic	upstream	Bidirectional
MSTRG.13953	antisense	intergenic	upstream	Bidirectional
MSTRG.15210	antisense	intergenic	upstream	Bidirectional
MSTRG.12198	antisense	intergenic	upstream	Bidirectional
MSTRG.12943	antisense	intergenic	upstream	Bidirectional
MSTRG.6444	antisense	intergenic	upstream	Bidirectional
MSTRG.13953	antisense	intergenic	upstream	Bidirectional
